CID;Image;Gender;Ethnicity;LR;Err
151;001;m;1;l;
151;002;m;1;r;
151;003;m;1;r;
151;004;m;1;r;
151;005;m;1;r;
151;006;m;1;r;
151;007;m;1;r;
151;008;m;1;r;
151;009;m;1;l;
151;010;m;1;l;mask off
151;011;m;1;r;
151;012;m;1;l;two ears
151;013;m;1;r;
151;014;m;1;l;
151;015;m;1;l;
151;016;m;1;l;
151;017;m;1;l;
151;018;m;1;r;
151;019;m;1;l;two ears
151;020;m;1;r;two ears
151;021;m;1;r;
151;022;m;1;r;
151;023;m;1;l;
151;024;m;1;r;
151;025;m;1;l;
151;026;m;1;r;
151;027;m;1;l;
151;028;m;1;r;
151;029;m;1;l;
152;001;m;6;l;
152;002;m;6;r;
152;003;m;6;l;
152;004;m;6;l;mask off
152;005;m;6;l;
152;006;m;6;l;
152;007;m;6;r;
152;008;m;6;r;
152;009;m;6;l;
152;010;m;6;l;mask off
152;011;m;6;l;
152;012;m;6;l;
152;013;m;6;l;mask off
152;014;m;6;l;
152;015;m;6;l;
152;016;m;6;l;mask off
152;017;m;6;l;
152;018;m;6;r;mask off
152;019;m;6;r;
152;020;m;6;l;
152;021;m;6;r;
152;022;m;6;l;two ears
152;023;m;6;l;
152;024;m;6;l;
152;025;m;6;r;
152;026;m;6;l;
152;027;m;6;l;
152;028;m;6;r;
152;029;m;6;r;
152;030;m;6;l;
153;001;m;1;r;
153;002;m;1;r;
153;003;m;1;l;
153;004;m;1;l;
153;005;m;1;l;
153;006;m;1;l;
153;007;m;1;l;
153;008;m;1;l;mask off
153;009;m;1;r;
153;010;m;1;l;
153;011;m;1;r;
153;012;m;1;r;
153;013;m;1;l;two ears
153;014;m;1;l;
153;015;m;1;l;
153;016;m;1;r;
153;017;m;1;r;
153;018;m;1;l;
153;019;m;1;r;
153;020;m;1;r;
153;021;m;1;r;two ears
153;022;m;1;r;two ears
153;023;m;1;r;
153;024;m;1;l;
153;025;m;1;l;
153;026;m;1;l;
153;027;m;1;l;
153;028;m;1;l;
153;029;m;1;l;
154;001;m;1;r;
154;002;m;1;r;
154;003;m;1;r;
154;004;m;1;l;
154;005;m;1;l;
154;006;m;1;l;
154;007;m;1;r;
154;008;m;1;r;
154;009;m;1;r;
154;010;m;1;l;
154;011;m;1;r;
154;012;m;1;r;mask off
154;013;m;1;l;
154;014;m;1;r;
154;015;m;1;r;
154;016;m;1;l;
154;017;m;1;l;
154;018;m;1;l;
154;019;m;1;l;mask off
154;020;m;1;l;
154;021;m;1;l;
154;022;m;1;r;
154;023;m;1;r;mask off a bit
154;024;m;1;r;
154;025;m;1;r;
154;026;m;1;r;
154;027;m;1;l;
154;028;m;1;l;
154;029;m;1;l;
154;030;m;1;l;
155;001;m;1;l;
155;002;m;1;l;
155;003;m;1;l;
155;004;m;1;l;
155;005;m;1;l;
155;006;m;1;l;
155;007;m;1;l;
155;008;m;1;r;
155;009;m;1;l;wrong subject
155;010;m;1;l;
155;011;m;1;r;
155;012;m;1;l;mask off
155;013;m;1;r;
155;014;m;1;r;
155;015;m;1;l;mask off
155;016;m;1;r;
155;017;m;1;r;
155;018;m;1;l;
155;019;m;1;r;
155;020;m;1;r;
155;021;m;1;r;
155;022;m;1;r;
155;023;m;1;r;
155;024;m;1;l;
155;025;m;1;r;
155;026;m;1;r;
155;027;m;1;l;mask off
155;028;m;1;r;
156;001;m;1;l;
156;002;m;1;r;
156;003;m;1;l;
156;004;m;1;r;
156;005;m;1;r;
156;006;m;1;l;
156;007;m;1;l;
156;008;m;1;l;
156;009;m;1;r;
156;010;m;1;l;
156;011;m;1;l;
156;012;m;1;r;
156;013;m;1;r;mask off
156;014;m;1;r;
156;015;m;1;l;
156;016;m;1;r;
156;017;m;1;r;
156;018;m;1;r;
156;019;m;1;l;
156;020;m;1;r;
156;021;m;1;r;
156;022;m;1;l;
156;023;m;1;l;
156;024;m;1;l;
156;025;m;1;l;
156;026;m;1;l;
156;027;m;1;r;
157;001;m;6;l;mask off
157;002;m;6;l;
157;003;m;6;l;
157;004;m;6;l;
157;005;m;6;l;
157;006;m;6;l;
157;007;m;6;l;
157;008;m;6;r;
157;009;m;6;l;two ears
157;010;m;6;l;
157;011;m;6;l;
157;012;m;6;l;
157;013;m;6;r;
157;014;m;6;r;
157;015;m;6;l;mask off
157;016;m;6;r;
157;017;m;6;r;
157;018;m;6;l;mask off
157;019;m;6;r;
157;020;m;6;l;
157;021;m;6;r;
157;022;m;6;l;
157;023;m;6;l;
157;024;m;6;r;mask off
157;025;m;6;r;
157;026;m;6;l;
157;027;m;6;l;
157;028;m;6;l;
157;029;m;6;r;
157;030;m;6;l;
158;001;m;6;l;
158;002;m;6;l;
158;003;m;6;l;
158;004;m;6;r;
158;005;m;6;r;
158;006;m;6;r;
158;007;m;6;r;two ears
158;008;m;6;r;
158;009;m;6;r;
158;010;m;6;r;
158;011;m;6;r;
158;012;m;6;r;
158;013;m;6;r;
158;014;m;6;l;
158;015;m;6;l;two ears
158;016;m;6;r;two ears
158;017;m;6;r;
158;018;m;6;r;
158;019;m;6;l;
158;020;m;6;l;
158;021;m;6;r;mask off
158;022;m;6;r;
158;023;m;6;l;
158;024;m;6;r;
158;025;m;6;r;
158;026;m;6;r;
158;027;m;6;l;
158;028;m;6;l;
158;029;m;6;r;
159;001;m;4;r;
159;002;m;4;l;
159;003;m;4;l;
159;004;m;4;l;
159;005;m;4;l;
159;006;m;4;l;
159;007;m;4;r;
159;008;m;4;l;
159;009;m;4;l;
159;010;m;4;r;
159;011;m;4;l;two ears
159;012;m;4;l;
159;013;m;4;l;
159;014;m;4;r;
159;015;m;4;r;
159;016;m;4;r;mask off
159;017;m;4;l;mask off
159;018;m;4;l;
159;019;m;4;l;
159;020;m;4;r;
159;021;m;4;r;
159;022;m;4;l;mask off
159;023;m;4;l;
159;024;m;4;l;
159;025;m;4;r;
159;026;m;4;r;
159;027;m;4;r;
159;028;m;4;r;two ears
159;029;m;4;r;
160;001;m;7;l;mask off
160;002;m;7;l;
160;003;m;7;r;
160;004;m;7;r;
160;005;m;7;l;
160;006;m;7;r;
160;007;m;7;r;
160;008;m;7;l;
160;009;m;7;l;
160;010;m;7;r;
160;011;m;7;l;mask off
160;012;m;7;l;
160;013;m;7;r;
160;014;m;7;l;
160;015;m;7;l;
160;016;m;7;l;
160;017;m;7;l;
160;018;m;7;l;
160;019;m;7;l;
160;020;m;7;r;
160;021;m;7;r;
160;022;m;7;l;
160;023;m;7;r;
160;024;m;7;l;
160;025;m;7;l;
160;026;m;7;r;
160;027;m;7;l;
160;028;m;7;r;
160;029;m;7;l;
160;030;m;7;l;
161;001;f;1;l;mask off
161;002;f;1;l;mask off
161;003;f;1;r;
161;004;f;1;r;
161;005;f;1;r;mask off
161;006;f;1;r;
161;007;f;1;l;mask off
161;008;f;1;r;
161;009;f;1;r;
161;010;f;1;l;
161;011;f;1;r;
161;012;f;1;r;
161;013;f;1;r;
161;014;f;1;r;
161;015;f;1;l;
161;016;f;1;r;
161;017;f;1;r;mask off
161;018;f;1;l;
161;019;f;1;r;
161;020;f;1;r;
161;021;f;1;r;
161;022;f;1;r;
161;023;f;1;r;mask off
161;024;f;1;r;
161;025;f;1;r;
161;026;f;1;r;
161;027;f;1;l;
161;028;f;1;l;mask off
161;029;f;1;r;
161;030;f;1;r;mask off
162;001;m;2;r;
162;002;m;2;l;
162;003;m;2;r;
162;004;m;2;l;
162;005;m;2;l;
162;006;m;2;r;
162;007;m;2;l;
162;008;m;2;l;
162;009;m;2;l;
162;010;m;2;r;
162;011;m;2;r;
162;012;m;2;l;
162;013;m;2;l;
162;014;m;2;r;mask off
162;015;m;2;l;mask off
162;016;m;2;r;mask off
162;017;m;2;r;mask off
162;018;m;2;r;mask off
162;019;m;2;r;
162;020;m;2;l;
162;021;m;2;r;mask off
162;022;m;2;l;
162;023;m;2;r;
162;024;m;2;l;
162;025;m;2;l;
162;026;m;2;r;
162;027;m;2;r;
162;028;m;2;l;
162;029;m;2;l;
163;001;f;7;l;
163;002;f;7;r;
163;003;f;7;l;
163;004;f;7;r;mask off
163;005;f;7;r;
163;006;f;7;l;
163;007;f;7;r;mask off
163;008;f;7;l;mask off
163;009;f;7;l;mask off
163;010;f;7;l;
163;011;f;7;l;
163;012;f;7;l;
163;013;f;7;r;
163;014;f;7;l;
163;015;f;7;l;
163;016;f;7;l;
163;017;f;7;l;
163;018;f;7;l;
163;019;f;7;r;
163;020;f;7;l;
163;021;f;7;l;mask off
163;022;f;7;r;mask off
163;023;f;7;r;mask off
163;024;f;7;l;two ears
163;025;f;7;r;
163;026;f;7;l;
163;027;f;7;r;
163;028;f;7;l;
163;029;f;7;r;mask off
164;001;m;1;r;
164;002;m;1;r;
164;003;m;1;l;
164;004;m;1;l;
164;005;m;1;r;
164;006;m;1;l;
164;007;m;1;l;
164;008;m;1;r;mask off
164;009;m;1;r;
164;010;m;1;l;
164;011;m;1;r;
164;012;m;1;r;
164;013;m;1;l;
164;014;m;1;r;
164;015;m;1;l;
164;016;m;1;r;
164;017;m;1;r;
164;018;m;1;l;
164;019;m;1;r;
164;020;m;1;r;
164;021;m;1;r;
164;022;m;1;l;
164;023;m;1;r;
164;024;m;1;l;
164;025;m;1;r;
164;026;m;1;r;
164;027;m;1;l;
164;028;m;1;r;
165;001;f;1;r;
165;002;f;1;l;
165;003;f;1;l;
165;004;f;1;l;mask off
165;005;f;1;r;
165;006;f;1;l;
165;007;f;1;l;
165;008;f;1;l;mask off
165;009;f;1;l;
165;010;f;1;l;
165;011;f;1;l;mask off
165;012;f;1;l;mask off
165;013;f;1;r;
165;014;f;1;r;mask off
165;015;f;1;r;
165;016;f;1;l;mask off
165;017;f;1;l;
165;018;f;1;l;mask off
165;019;f;1;r;
165;020;f;1;r;
165;021;f;1;r;
165;022;f;1;l;mask off
165;023;f;1;l;
165;024;f;1;r;
165;025;f;1;l;
165;026;f;1;l;mask off
166;001;f;1;l;mask off
166;002;f;1;l;
166;003;f;1;l;mask off
166;004;f;1;l;mask off
166;005;f;1;l;
166;006;f;1;l;mask off
166;007;f;1;l;
166;008;f;1;l;mask off
166;009;f;1;l;
166;010;f;1;r;
166;011;f;1;r;
166;012;f;1;r;
166;013;f;1;r;mask off
166;014;f;1;l;mask off
166;015;f;1;l;
166;016;f;1;l;
166;017;f;1;r;mask off
166;018;f;1;r;
166;019;f;1;r;
166;020;f;1;r;mask off
166;021;f;1;r;
166;022;f;1;r;mask off
166;023;f;1;l;mask off
166;024;f;1;r;
166;025;f;1;r;mask off
166;026;f;1;r;
166;027;f;1;r;mask off
166;028;f;1;r;mask off
166;029;f;1;l;
166;030;f;1;l;mask off
167;001;m;1;l;
167;002;m;1;l;mask off
167;003;m;1;l;
167;004;m;1;l;mask off
167;005;m;1;l;
167;006;m;1;l;
167;007;m;1;l;
167;008;m;1;r;mask off
167;009;m;1;l;
167;010;m;1;l;
167;011;m;1;l;
167;012;m;1;l;
167;013;m;1;r;
167;014;m;1;l;
167;015;m;1;l;
167;016;m;1;l;
167;017;m;1;r;
167;018;m;1;l;
167;019;m;1;l;mask off
167;020;m;1;l;mask off
167;021;m;1;l;
167;022;m;1;l;
167;023;m;1;l;
167;024;m;1;l;
167;025;m;1;l;
167;026;m;1;l;mask off
167;027;m;1;l;
167;028;m;1;l;
167;029;m;1;r;
167;030;m;1;l;
168;001;f;1;l;mask off
168;002;f;1;r;mask off
168;003;f;1;l;
168;004;f;1;r;
168;005;f;1;l;
168;006;f;1;r;
168;007;f;1;r;mask off
168;008;f;1;r;
168;009;f;1;l;
168;010;f;1;r;
168;011;f;1;r;
168;012;f;1;r;
168;013;f;1;r;
168;014;f;1;l;
168;015;f;1;l;mask off
168;016;f;1;l;
168;017;f;1;l;
168;018;f;1;r;
168;019;f;1;r;
168;020;f;1;r;
168;021;f;1;l;
168;022;f;1;l;mask off
168;023;f;1;l;
168;024;f;1;l;
168;025;f;1;l;
168;026;f;1;l;
168;027;f;1;l;
168;028;f;1;r;
169;001;f;1;l;
169;002;f;1;r;
169;003;f;1;l;
169;004;f;1;l;
169;005;f;1;l;mask off
169;006;f;1;l;
169;007;f;1;l;
169;008;f;1;l;
169;009;f;1;l;
169;010;f;1;l;
169;011;f;1;l;
169;012;f;1;l;
169;013;f;1;r;mask off
169;014;f;1;l;
169;015;f;1;l;
169;016;f;1;l;
169;017;f;1;l;mask off
169;018;f;1;l;
169;019;f;1;r;
169;020;f;1;r;mask off
169;021;f;1;l;
169;022;f;1;l;
169;023;f;1;l;mask off
169;024;f;1;l;mask off
169;025;f;1;l;mask off
169;026;f;1;l;mask off
169;027;f;1;l;
169;028;f;1;l;
169;029;f;1;r;mask off
169;030;f;1;l;
170;001;m;1;l;
170;002;m;1;l;
170;003;m;1;r;
170;004;m;1;l;
170;005;m;1;l;
170;006;m;1;l;
170;007;m;1;l;
170;008;m;1;r;
170;009;m;1;r;
170;010;m;1;r;
170;011;m;1;r;
170;012;m;1;l;
170;013;m;1;l;wrong subject
170;014;m;1;l;
170;015;m;1;l;
170;016;m;1;l;
170;017;m;1;r;
170;018;m;1;l;
170;019;m;1;r;
170;020;m;1;r;
170;021;m;1;r;
170;022;m;1;l;
170;023;m;1;r;
170;024;m;1;l;
170;025;m;1;r;
170;026;m;1;l;
170;027;m;1;l;
170;028;m;1;r;
170;029;m;1;r;
171;001;m;1;r;mask off
171;002;m;1;r;
171;003;m;1;l;
171;004;m;1;l;
171;005;m;1;r;
171;006;m;1;r;
171;007;m;1;r;mask off
171;008;m;1;r;
171;009;m;1;r;
171;010;m;1;l;
171;011;m;1;l;mask off
171;012;m;1;l;
171;013;m;1;l;
171;014;m;1;r;
171;015;m;1;r;
171;016;m;1;r;mask off
171;017;m;1;r;
171;018;m;1;l;
171;019;m;1;r;
171;020;m;1;l;
171;021;m;1;l;
171;022;m;1;r;
171;023;m;1;l;
171;024;m;1;r;
171;025;m;1;r;
171;026;m;1;l;
171;027;m;1;r;
171;028;m;1;l;
171;029;m;1;r;
172;001;m;7;r;
172;002;m;7;r;
172;003;m;7;r;
172;004;m;7;r;
172;005;m;7;l;
172;006;m;7;l;
172;007;m;7;l;
172;008;m;7;r;
172;009;m;7;l;
172;010;m;7;l;
172;011;m;7;l;
172;012;m;7;r;
172;013;m;7;l;
172;014;m;7;r;
172;015;m;7;l;
172;016;m;7;l;
172;017;m;7;l;
172;018;m;7;r;
172;019;m;7;r;
172;020;m;7;r;
172;021;m;7;r;
172;022;m;7;l;
172;023;m;7;r;
172;024;m;7;r;
172;025;m;7;l;
172;026;m;7;l;
172;027;m;7;r;
172;028;m;7;r;
173;001;m;4;l;
173;002;m;4;r;
173;003;m;4;l;
173;004;m;4;l;
173;005;m;4;r;
173;006;m;4;l;
173;007;m;4;l;
173;008;m;4;l;
173;009;m;4;r;
173;010;m;4;r;mask off
173;011;m;4;l;
173;012;m;4;l;
173;013;m;4;r;
173;014;m;4;l;mask off
173;015;m;4;l;
173;016;m;4;r;
173;017;m;4;r;
173;018;m;4;r;
173;019;m;4;r;mask off
173;020;m;4;l;
173;021;m;4;r;mask off
173;022;m;4;l;
173;023;m;4;r;
173;024;m;4;l;
173;025;m;4;l;
173;026;m;4;l;
173;027;m;4;l;mask off
174;001;m;7;r;
174;002;m;7;r;
174;003;m;7;l;
174;004;m;7;r;
174;005;m;7;l;
174;006;m;7;r;
174;007;m;7;l;
174;008;m;7;r;
174;009;m;7;r;
174;010;m;7;r;
174;011;m;7;r;
174;012;m;7;r;
174;013;m;7;r;
174;014;m;7;r;
174;015;m;7;r;
174;016;m;7;r;
174;017;m;7;r;
174;018;m;7;r;
174;019;m;7;l;
174;020;m;7;l;
174;021;m;7;r;
174;022;m;7;r;
174;023;m;7;l;
174;024;m;7;l;
174;025;m;7;r;
174;026;m;7;r;
174;027;m;7;l;mask off
174;028;m;7;l;
174;029;m;7;r;
175;001;m;6;r;
175;002;m;6;l;
175;003;m;6;l;
175;004;m;6;l;
175;005;m;6;r;
175;006;m;6;l;
175;007;m;6;l;
175;008;m;6;r;
175;009;m;6;l;
175;010;m;6;r;mask off
175;011;m;6;r;
175;012;m;6;l;
175;013;m;6;l;
175;014;m;6;l;
175;015;m;6;l;
175;016;m;6;l;
175;017;m;6;l;
175;018;m;6;l;mask off
175;019;m;6;l;
175;020;m;6;r;
175;021;m;6;r;
175;022;m;6;r;
175;023;m;6;l;mask off
175;024;m;6;r;
175;025;m;6;r;
175;026;m;6;l;
175;027;m;6;r;
175;028;m;6;l;mask off
175;029;m;6;l;
175;030;m;6;r;
176;001;f;7;l;
176;002;f;7;r;
176;003;f;7;r;
176;004;f;7;l;mask off
176;005;f;7;l;
176;006;f;7;r;
176;007;f;7;r;
176;008;f;7;l;mask off
176;009;f;7;l;
176;010;f;7;r;
176;011;f;7;l;
176;012;f;7;l;
176;013;f;7;l;
176;014;f;7;l;mask off
176;015;f;7;r;
176;016;f;7;l;mask off
176;017;f;7;l;
176;018;f;7;l;
176;019;f;7;l;
176;020;f;7;l;mask off
176;021;f;7;l;
176;022;f;7;l;
176;023;f;7;l;mask off
176;024;f;7;r;
176;025;f;7;r;
176;026;f;7;r;
176;027;f;7;r;
176;028;f;7;l;
177;001;m;2;r;
177;002;m;2;l;
177;003;m;2;r;
177;004;m;2;r;
177;005;m;2;r;
177;006;m;2;r;
177;007;m;2;l;
177;008;m;2;r;mask off
177;009;m;2;r;
177;010;m;2;l;
177;011;m;2;l;mask off
177;012;m;2;l;mask off
177;013;m;2;l;
177;014;m;2;r;
177;015;m;2;l;
177;016;m;2;r;
177;017;m;2;l;mask off
177;018;m;2;r;
177;019;m;2;r;
177;020;m;2;l;
177;021;m;2;l;
177;022;m;2;r;
177;023;m;2;l;
177;024;m;2;l;
177;025;m;2;r;
177;026;m;2;r;
177;027;m;2;r;
178;001;f;2;r;mask off
178;002;f;2;l;
178;003;f;2;l;
178;004;f;2;l;
178;005;f;2;l;mask off
178;006;f;2;l;
178;007;f;2;l;
178;008;f;2;r;
178;009;f;2;r;
178;010;f;2;l;
178;011;f;2;l;
178;012;f;2;l;
178;013;f;2;l;
178;014;f;2;r;mask off a bit
178;015;f;2;l;
178;016;f;2;l;
178;017;f;2;l;
178;018;f;2;r;
178;019;f;2;l;
178;020;f;2;l;
178;021;f;2;l;
178;022;f;2;r;
178;023;f;2;r;
178;024;f;2;l;
178;025;f;2;r;
178;026;f;2;l;
179;001;m;2;l;
179;002;m;2;l;
179;003;m;2;l;
179;004;m;2;r;
179;005;m;2;l;
179;006;m;2;r;
179;007;m;2;r;
179;008;m;2;l;
179;009;m;2;r;
179;010;m;2;r;
179;011;m;2;l;mask off
179;012;m;2;r;
179;013;m;2;r;
179;014;m;2;l;
179;015;m;2;l;
179;016;m;2;r;
179;017;m;2;l;
179;018;m;2;l;
179;019;m;2;l;
179;020;m;2;r;
179;021;m;2;r;
179;022;m;2;l;
179;023;m;2;r;
179;024;m;2;r;
179;025;m;2;l;
179;026;m;2;r;
179;027;m;2;r;
180;001;m;1;l;
180;002;m;1;l;
180;003;m;1;l;
180;004;m;1;l;
180;005;m;1;l;
180;006;m;1;r;
180;007;m;1;l;
180;008;m;1;l;
180;009;m;1;l;
180;010;m;1;l;
180;011;m;1;r;
180;012;m;1;l;mask off
180;013;m;1;l;
180;014;m;1;l;
180;015;m;1;r;
180;016;m;1;l;
180;017;m;1;l;
180;018;m;1;l;mask off
180;019;m;1;r;
180;020;m;1;l;
180;021;m;1;r;
180;022;m;1;l;
180;023;m;1;l;
180;024;m;1;l;
180;025;m;1;r;
180;026;m;1;l;
180;027;m;1;r;
180;028;m;1;l;
211;001;m;1;r;
211;002;m;1;l;
211;003;m;1;r;
211;004;m;1;r;
211;005;m;1;r;
211;006;m;1;l;
211;007;m;1;r;mask off a bit
211;008;m;1;l;mask off a bit
211;009;m;1;r;
211;010;m;1;r;
211;011;m;1;l;
211;012;m;1;l;
211;013;m;1;r;
211;014;m;1;l;
211;015;m;1;l;
211;016;m;1;l;
211;017;m;1;l;
211;018;m;1;r;
211;019;m;1;l;mask off
211;020;m;1;l;
211;021;m;1;r;mask off
211;022;m;1;r;
211;023;m;1;l;
211;024;m;1;l;
211;025;m;1;l;
211;026;m;1;l;
211;027;m;1;l;
211;028;m;1;r;
211;029;m;1;r;
211;030;m;1;l;
212;001;m;6;r;
212;002;m;6;l;
212;003;m;6;l;
212;004;m;6;l;
212;005;m;6;l;
212;006;m;6;r;
212;007;m;6;l;
212;008;m;6;l;
212;009;m;6;r;
212;010;m;6;r;
212;011;m;6;r;
212;012;m;6;l;
212;013;m;6;r;
212;014;m;6;r;
212;015;m;6;r;mask off a bit
212;016;m;6;r;
212;017;m;6;l;
212;018;m;6;l;
212;019;m;6;r;
212;020;m;6;r;
212;021;m;6;l;
212;022;m;6;r;
212;023;m;6;r;
212;024;m;6;r;
212;025;m;6;l;
212;026;m;6;r;
212;027;m;6;l;
212;028;m;6;r;
213;001;m;6;r;
213;002;m;6;r;
213;003;m;6;r;
213;004;m;6;r;
213;005;m;6;l;mask off a bit
213;006;m;6;l;
213;007;m;6;r;
213;008;m;6;r;mask off
213;009;m;6;r;
213;010;m;6;l;
213;011;m;6;r;
213;012;m;6;r;
213;013;m;6;l;mask off
213;014;m;6;l;
213;015;m;6;r;
213;016;m;6;r;
213;017;m;6;r;
213;018;m;6;l;
213;019;m;6;r;
213;020;m;6;r;
213;021;m;6;r;
213;022;m;6;l;mask off a bit
213;023;m;6;r;
214;001;m;6;r;
214;002;m;6;r;
214;003;m;6;r;
214;004;m;6;l;
214;005;m;6;l;
214;006;m;6;l;
214;007;m;6;l;two ears
214;008;m;6;r;
214;009;m;6;l;
214;010;m;6;l;
214;011;m;6;l;
214;012;m;6;l;
214;013;m;6;l;
214;014;m;6;l;
214;015;m;6;r;
214;016;m;6;l;
214;017;m;6;l;
214;018;m;6;l;
214;019;m;6;r;
214;020;m;6;r;
214;021;m;6;l;
214;022;m;6;l;
214;023;m;6;r;
214;024;m;6;l;
214;025;m;6;r;mask off
214;026;m;6;r;
214;027;m;6;l;
214;028;m;6;l;
214;029;m;6;r;
214;030;m;6;r;
215;001;m;4;l;
215;002;m;4;l;
215;003;m;4;l;
215;004;m;4;l;
215;005;m;4;l;
215;006;m;4;r;
215;007;m;4;l;
215;008;m;4;r;
215;009;m;4;r;
215;010;m;4;r;
215;011;m;4;l;
215;012;m;4;r;
215;013;m;4;l;
215;014;m;4;l;
215;015;m;4;l;
215;016;m;4;l;mask off a bit
215;017;m;4;l;
215;018;m;4;l;
215;019;m;4;l;
215;020;m;4;l;
215;021;m;4;l;
215;022;m;4;r;
215;023;m;4;r;
215;024;m;4;r;
215;025;m;4;l;
215;026;m;4;r;
216;001;m;4;l;
216;002;m;4;l;
216;003;m;4;r;
216;004;m;4;r;
216;005;m;4;l;
216;006;m;4;r;
216;007;m;4;r;
216;008;m;4;l;
216;009;m;4;r;
216;010;m;4;l;
216;011;m;4;l;
216;012;m;4;l;mask off
216;013;m;4;r;
216;014;m;4;l;
216;015;m;4;l;
216;016;m;4;r;
216;017;m;4;r;
216;018;m;4;l;
216;019;m;4;r;
216;020;m;4;l;
216;021;m;4;r;
216;022;m;4;r;
217;001;m;1;l;
217;002;m;1;r;
217;003;m;1;l;
217;004;m;1;l;
217;005;m;1;l;
217;006;m;1;l;
217;007;m;1;r;
217;008;m;1;r;
217;009;m;1;l;two ears
217;010;m;1;l;
217;011;m;1;r;
217;012;m;1;l;
217;013;m;1;l;
217;014;m;1;r;mask off
217;015;m;1;l;
217;016;m;1;l;
217;017;m;1;r;
217;018;m;1;r;
217;019;m;1;l;
217;020;m;1;r;
217;021;m;1;r;
217;022;m;1;l;
217;023;m;1;r;
217;024;m;1;l;
217;025;m;1;l;
217;026;m;1;r;
217;027;m;1;l;mask off
217;028;m;1;r;
218;001;m;1;r;
218;002;m;1;l;mask off
218;003;m;1;r;
218;004;m;1;l;
218;005;m;1;r;wrong subject
218;006;m;1;r;
218;007;m;1;l;
218;008;m;1;r;
218;009;m;1;l;
218;010;m;1;l;
218;011;m;1;l;mask off
218;012;m;1;l;
218;013;m;1;l;
218;014;m;1;l;
218;015;m;1;r;
218;016;m;1;l;
218;017;m;1;r;
218;018;m;1;r;
218;019;m;1;r;mask off
218;020;m;1;l;
218;021;m;1;l;
218;022;m;1;l;
218;023;m;1;r;
218;024;m;1;l;
218;025;m;1;r;
218;026;m;1;l;mask off
219;001;m;6;r;
219;002;m;6;r;
219;003;m;6;r;
219;004;m;6;r;
219;005;m;6;l;
219;006;m;6;r;
219;007;m;6;l;
219;008;m;6;r;
219;009;m;6;l;
219;010;m;6;r;
219;011;m;6;l;
219;012;m;6;r;
219;013;m;6;r;
219;014;m;6;l;
219;015;m;6;l;
219;016;m;6;l;
219;017;m;6;l;
219;018;m;6;r;
219;019;m;6;l;
219;020;m;6;l;
219;021;m;6;l;two ears
219;022;m;6;r;
219;023;m;6;r;
219;024;m;6;l;
219;025;m;6;l;
219;026;m;6;l;
219;027;m;6;r;
219;028;m;6;r;
219;029;m;6;r;
219;030;m;6;r;
220;001;m;6;l;
220;002;m;6;l;
220;003;m;6;l;
220;004;m;6;r;
220;005;m;6;l;
220;006;m;6;l;
220;007;m;6;l;
220;008;m;6;l;
220;009;m;6;r;
220;010;m;6;l;
220;011;m;6;r;
220;012;m;6;l;
220;013;m;6;l;
220;014;m;6;l;
220;015;m;6;l;
220;016;m;6;l;
220;017;m;6;l;
220;018;m;6;r;
220;019;m;6;r;
220;020;m;6;r;
220;021;m;6;l;
220;022;m;6;r;mask off
220;023;m;6;r;
220;024;m;6;l;mask off a bit
220;025;m;6;r;
220;026;m;6;l;
220;027;m;6;l;
221;001;m;6;r;
221;002;m;6;r;
221;003;m;6;r;
221;004;m;6;l;
221;005;m;6;l;
221;006;m;6;l;
221;007;m;6;l;
221;008;m;6;r;
221;009;m;6;r;
221;010;m;6;r;
221;011;m;6;r;
221;012;m;6;r;
221;013;m;6;r;
221;014;m;6;r;
221;015;m;6;r;
221;016;m;6;r;
221;017;m;6;r;
221;018;m;6;l;
221;019;m;6;l;
221;020;m;6;r;
221;021;m;6;r;
221;022;m;6;l;
221;023;m;6;l;
221;024;m;6;r;
221;025;m;6;l;
221;026;m;6;r;
221;027;m;6;l;
221;028;m;6;r;
221;029;m;6;l;
222;001;m;6;l;
222;002;m;6;r;
222;003;m;6;l;
222;004;m;6;r;
222;005;m;6;r;mask off
222;006;m;6;l;
222;007;m;6;l;
222;008;m;6;r;
222;009;m;6;l;mask off
222;010;m;6;r;mask off
222;011;m;6;l;
222;012;m;6;l;mask off
222;013;m;6;l;mask off a bit
222;014;m;6;l;
222;015;m;6;r;mask off
222;016;m;6;r;two ears
222;017;m;6;l;
222;018;m;6;l;
222;019;m;6;r;
222;020;m;6;r;
222;021;m;6;l;mask off
223;001;m;6;r;
223;002;m;6;r;
223;003;m;6;r;
223;004;m;6;l;
223;005;m;6;l;
223;006;m;6;l;
223;007;m;6;r;
223;008;m;6;l;
223;009;m;6;r;
223;010;m;6;r;
223;011;m;6;r;
223;012;m;6;l;
223;013;m;6;l;
223;014;m;6;l;
223;015;m;6;r;
223;016;m;6;r;
223;017;m;6;r;
223;018;m;6;r;
223;019;m;6;l;
223;020;m;6;r;
223;021;m;6;r;
223;022;m;6;l;
223;023;m;6;r;
223;024;m;6;l;
223;025;m;6;l;
223;026;m;6;l;
223;027;m;6;r;
223;028;m;6;l;
223;029;m;6;l;
223;030;m;6;r;
224;001;m;6;l;
224;002;m;6;l;
224;003;m;6;r;
224;004;m;6;l;
224;005;m;6;l;
224;006;m;6;l;
224;007;m;6;r;
224;008;m;6;r;
224;009;m;6;r;
224;010;m;6;r;
224;011;m;6;r;
224;012;m;6;l;
224;013;m;6;l;
224;014;m;6;r;
224;015;m;6;r;
224;016;m;6;l;
224;017;m;6;r;
224;018;m;6;r;
224;019;m;6;l;
224;020;m;6;r;
224;021;m;6;r;
224;022;m;6;r;
224;023;m;6;l;
224;024;m;6;l;
224;025;m;6;l;
224;026;m;6;l;
224;027;m;6;l;
224;028;m;6;l;
224;029;m;6;r;
224;030;m;6;l;
225;001;m;1;r;
225;002;m;1;r;
225;003;m;1;l;
225;004;m;1;l;
225;005;m;1;r;
225;006;m;1;l;
225;007;m;1;l;
225;008;m;1;l;
225;009;m;1;r;
225;010;m;1;l;mask off
225;011;m;1;l;
225;012;m;1;r;
225;013;m;1;l;
225;014;m;1;l;
225;015;m;1;r;
225;016;m;1;r;mask off a bit
225;017;m;1;l;
225;018;m;1;r;
225;019;m;1;r;
225;020;m;1;r;two ears
225;021;m;1;l;
225;022;m;1;l;
225;023;m;1;l;
225;024;m;1;r;
225;025;m;1;l;
225;026;m;1;l;
225;027;m;1;l;
225;028;m;1;l;
225;029;m;1;l;
226;001;m;6;r;two ears
226;002;m;6;r;wrong subject
226;003;m;6;r;two ears
226;004;m;6;l;
226;005;m;6;r;
226;006;m;6;l;
226;007;m;6;r;
226;008;m;6;l;
226;009;m;6;r;
226;010;m;6;r;
226;011;m;6;l;
226;012;m;6;l;
226;013;m;6;l;
226;014;m;6;r;
226;015;m;6;l;
226;016;m;6;l;
226;017;m;6;l;
226;018;m;6;r;
226;019;m;6;l;
226;020;m;6;r;
226;021;m;6;r;
226;022;m;6;l;mask off a bit
226;023;m;6;r;
226;024;m;6;l;
226;025;m;6;l;
226;026;m;6;r;mask off
226;027;m;6;l;
226;028;m;6;r;
227;001;m;6;r;
227;002;m;6;r;
227;003;m;6;r;
227;004;m;6;r;
227;005;m;6;r;
227;006;m;6;r;
227;007;m;6;r;
227;008;m;6;l;
227;009;m;6;r;
227;010;m;6;l;
227;011;m;6;l;mask off
227;012;m;6;l;
227;013;m;6;r;
227;014;m;6;l;
227;015;m;6;r;
227;016;m;6;r;
227;017;m;6;l;two ears
227;018;m;6;l;
227;019;m;6;l;
227;020;m;6;l;mask off a bit
227;021;m;6;l;
227;022;m;6;r;
227;023;m;6;r;mask off a bit
227;024;m;6;r;
227;025;m;6;l;
227;026;m;6;l;
227;027;m;6;l;
228;001;m;1;r;
228;002;m;1;l;
228;003;m;1;r;
228;004;m;1;r;mask off a bit
228;005;m;1;l;
228;006;m;1;r;
228;007;m;1;l;
228;008;m;1;r;
228;009;m;1;r;mask off a bit
228;010;m;1;l;
228;011;m;1;r;
228;012;m;1;r;
228;013;m;1;r;
228;014;m;1;l;
228;015;m;1;l;
228;016;m;1;l;
228;017;m;1;l;
228;018;m;1;r;
228;019;m;1;l;
228;020;m;1;l;
228;021;m;1;l;
228;022;m;1;l;
228;023;m;1;l;mask off
228;024;m;1;l;wrong subject
228;025;m;1;l;
228;026;m;1;r;
228;027;m;1;r;
228;028;m;1;l;
229;001;m;6;l;
229;002;m;6;l;
229;003;m;6;r;
229;004;m;6;r;
229;005;m;6;r;
229;006;m;6;l;
229;007;m;6;l;
229;008;m;6;l;
229;009;m;6;l;
229;010;m;6;l;
229;011;m;6;l;
229;012;m;6;r;
229;013;m;6;r;
229;014;m;6;r;
229;015;m;6;l;
229;016;m;6;r;
229;017;m;6;l;
229;018;m;6;r;
229;019;m;6;r;
229;020;m;6;l;mask off
229;021;m;6;l;
229;022;m;6;r;
229;023;m;6;r;
229;024;m;6;l;
229;025;m;6;r;
229;026;m;6;l;
229;027;m;6;l;
229;028;m;6;l;
229;029;m;6;l;mask off
230;001;m;4;l;
230;002;m;4;r;
230;003;m;4;l;
230;004;m;4;l;
230;005;m;4;r;mask off a bit
230;006;m;4;r;two ears
230;007;m;4;r;mask off
230;008;m;4;l;
230;009;m;4;l;mask off
230;010;m;4;l;
230;011;m;4;l;
230;012;m;4;r;
230;013;m;4;r;mask off
230;014;m;4;r;mask off
230;015;m;4;l;
230;016;m;4;r;
230;017;m;4;r;
230;018;m;4;l;
230;019;m;4;l;
230;020;m;4;l;
230;021;m;4;r;mask off
230;022;m;4;l;
230;023;m;4;l;mask off
230;024;m;4;l;
230;025;m;4;r;
231;001;m;6;l;
231;002;m;6;r;mask off
231;003;m;6;l;mask off
231;004;m;6;r;
231;005;m;6;r;
231;006;m;6;l;
231;007;m;6;l;
231;008;m;6;r;mask off
231;009;m;6;l;
231;010;m;6;l;
231;011;m;6;r;
231;012;m;6;l;
231;013;m;6;r;
231;014;m;6;l;
231;015;m;6;l;
231;016;m;6;l;
231;017;m;6;l;
231;018;m;6;r;
231;019;m;6;l;
231;020;m;6;l;mask off
231;021;m;6;l;
231;022;m;6;r;
231;023;m;6;r;
231;024;m;6;r;mask off
231;025;m;6;l;mask off
231;026;m;6;l;
231;027;m;6;l;
231;028;m;6;l;
232;001;m;1;l;
232;002;m;1;r;
232;003;m;1;r;
232;004;m;1;r;
232;005;m;1;l;
232;006;m;1;l;
232;007;m;1;r;
232;008;m;1;r;
232;009;m;1;r;mask off a bit
232;010;m;1;r;
232;011;m;1;r;
232;012;m;1;l;
232;013;m;1;r;
232;014;m;1;r;
232;015;m;1;r;
232;016;m;1;r;
232;017;m;1;l;
232;018;m;1;r;mask off
232;019;m;1;r;
232;020;m;1;l;two ears
232;021;m;1;r;
232;022;m;1;r;
232;023;m;1;l;mask off,two ears
232;024;m;1;r;
232;025;m;1;l;
232;026;m;1;r;
232;027;m;1;r;mask off
233;001;m;1;l;
233;002;m;1;l;
233;003;m;1;r;mask off
233;004;m;1;r;
233;005;m;1;r;
233;006;m;1;l;
233;007;m;1;r;
233;008;m;1;l;
233;009;m;1;l;
233;010;m;1;r;
233;011;m;1;l;
233;012;m;1;l;wrong subject
233;013;m;1;l;
233;014;m;1;r;
233;015;m;1;l;
233;016;m;1;l;
233;017;m;1;l;
233;018;m;1;l;
233;019;m;1;l;
233;020;m;1;r;
233;021;m;1;l;
233;022;m;1;r;
233;023;m;1;r;mask off
233;024;m;1;r;
233;025;m;1;r;
234;001;m;1;r;
234;002;m;1;r;
234;003;m;1;l;
234;004;m;1;r;
234;005;m;1;l;
234;006;m;1;r;
234;007;m;1;l;
234;008;m;1;r;
234;009;m;1;r;
234;010;m;1;l;
234;011;m;1;r;
234;012;m;1;r;
234;013;m;1;r;two ears
234;014;m;1;l;
234;015;m;1;l;
234;016;m;1;l;
234;017;m;1;r;
234;018;m;1;l;
234;019;m;1;r;
234;020;m;1;r;
234;021;m;1;r;
234;022;m;1;l;
234;023;m;1;r;
234;024;m;1;r;
234;025;m;1;r;
234;026;m;1;l;
234;027;m;1;l;
234;028;m;1;l;
235;001;m;1;r;
235;002;m;1;r;
235;003;m;1;r;
235;004;m;1;l;
235;005;m;1;r;two ears
235;006;m;1;l;
235;007;m;1;l;
235;008;m;1;r;
235;009;m;1;l;
235;010;m;1;l;
235;011;m;1;l;
235;012;m;1;r;
235;013;m;1;l;
235;014;m;1;l;
235;015;m;1;l;
235;016;m;1;r;
235;017;m;1;r;mask off a bit
235;018;m;1;r;
235;019;m;1;l;
235;020;m;1;r;
235;021;m;1;r;two ears
235;022;m;1;r;
235;023;m;1;l;
235;024;m;1;l;
235;025;m;1;r;
235;026;m;1;r;
235;027;m;1;l;
235;028;m;1;r;
236;001;m;1;r;
236;002;m;1;l;two ears
236;003;m;1;l;
236;004;m;1;r;
236;005;m;1;r;mask off
236;006;m;1;r;
236;007;m;1;l;
236;008;m;1;l;
236;009;m;1;l;
236;010;m;1;r;
236;011;m;1;r;
236;012;m;1;r;
236;013;m;1;r;
236;014;m;1;l;
236;015;m;1;r;two ears
236;016;m;1;l;
236;017;m;1;r;mask off
236;018;m;1;r;
236;019;m;1;r;
236;020;m;1;l;
236;021;m;1;l;mask off a bit
236;022;m;1;r;
236;023;m;1;l;
236;024;m;1;r;
236;025;m;1;l;
237;001;m;1;r;
237;002;m;1;l;
237;003;m;1;r;
237;004;m;1;r;
237;005;m;1;r;mask off
237;006;m;1;l;
237;007;m;1;l;
237;008;m;1;r;
237;009;m;1;r;
237;010;m;1;l;
237;011;m;1;r;
237;012;m;1;r;
237;013;m;1;r;
237;014;m;1;r;
237;015;m;1;l;
237;016;m;1;r;
237;017;m;1;r;
237;018;m;1;r;
237;019;m;1;r;
237;020;m;1;r;
238;001;m;1;l;
238;002;m;1;l;
238;003;m;1;l;
238;004;m;1;r;
238;005;m;1;r;two ears
238;006;m;1;r;
238;007;m;1;l;
238;008;m;1;r;two ears
238;009;m;1;r;
238;010;m;1;r;
238;011;m;1;r;
238;012;m;1;r;
238;013;m;1;l;
238;014;m;1;l;two ears
238;015;m;1;l;
238;016;m;1;l;
238;017;m;1;l;
238;018;m;1;l;
238;019;m;1;r;
238;020;m;1;r;
238;021;m;1;l;mask off a bit
238;022;m;1;l;
238;023;m;1;l;
238;024;m;1;r;mask off
238;025;m;1;r;
238;026;m;1;l;
239;001;m;1;l;
239;002;m;1;l;two ears
239;003;m;1;l;
239;004;m;1;r;
239;005;m;1;r;
239;006;m;1;l;
239;007;m;1;r;
239;008;m;1;r;
239;009;m;1;r;
239;010;m;1;l;
239;011;m;1;l;
239;012;m;1;l;mask off a bit
239;013;m;1;r;mask off
239;014;m;1;r;
239;015;m;1;r;
239;016;m;1;l;
239;017;m;1;l;two ears
239;018;m;1;r;
239;019;m;1;l;mask off a bit
239;020;m;1;l;
239;021;m;1;r;mask off
239;022;m;1;l;mask off
239;023;m;1;l;
239;024;m;1;l;
239;025;m;1;r;
239;026;m;1;r;
240;001;m;1;l;
240;002;m;1;l;
240;003;m;1;l;
240;004;m;1;l;
240;005;m;1;l;two ears
240;006;m;1;r;
240;007;m;1;l;
240;008;m;1;l;two ears
240;009;m;1;r;
240;010;m;1;l;
240;011;m;1;l;
240;012;m;1;r;mask off a bit,two ears
240;013;m;1;l;
240;014;m;1;l;
240;015;m;1;r;
240;016;m;1;l;
240;017;m;1;l;
240;018;m;1;l;
240;019;m;1;l;
240;020;m;1;l;
240;021;m;1;r;
240;022;m;1;l;
240;023;m;1;l;
271;001;m;1;l;
271;002;m;1;r;
271;003;m;1;r;
271;004;m;1;l;
271;005;m;1;l;mask off,two ears
271;006;m;1;l;
271;007;m;1;l;
271;008;m;1;l;
271;009;m;1;r;
271;010;m;1;l;
271;011;m;1;r;
271;012;m;1;l;
271;013;m;1;r;
271;014;m;1;r;
271;015;m;1;r;
271;016;m;1;r;
271;017;m;1;l;
271;018;m;1;r;
271;019;m;1;l;
271;020;m;1;l;
271;021;m;1;r;
271;022;m;1;l;
271;023;m;1;r;
271;024;m;1;l;
271;025;m;1;r;
271;026;m;1;l;
271;027;m;1;l;
271;028;m;1;r;
271;029;m;1;r;
272;001;m;1;r;
272;002;m;1;r;
272;003;m;1;r;
272;004;m;1;l;
272;005;m;1;l;
272;006;m;1;r;
272;007;m;1;r;
272;008;m;1;r;two ears
272;009;m;1;l;
272;010;m;1;r;
272;011;m;1;r;
272;012;m;1;r;
272;013;m;1;r;
272;014;m;1;l;
272;015;m;1;l;
272;016;m;1;r;
272;017;m;1;r;
272;018;m;1;r;
272;019;m;1;r;
272;020;m;1;r;
272;021;m;1;l;
272;022;m;1;r;
272;023;m;1;r;
273;001;m;1;l;
273;002;m;1;r;
273;003;m;1;l;
273;004;m;1;l;
273;005;m;1;l;
273;006;m;1;l;
273;007;m;1;r;
273;008;m;1;r;
273;009;m;1;r;
273;010;m;1;r;
273;011;m;1;l;
273;012;m;1;r;
273;013;m;1;l;
273;014;m;1;r;
273;015;m;1;l;
273;016;m;1;l;
273;017;m;1;l;
273;018;m;1;r;
273;019;m;1;l;
273;020;m;1;l;
273;021;m;1;l;
273;022;m;1;r;
273;023;m;1;l;
273;024;m;1;r;
273;025;m;1;l;
273;026;m;1;r;
273;027;m;1;r;mask off a bit
273;028;m;1;r;mask off a bit
274;001;m;1;r;
274;002;m;1;r;
274;003;m;1;l;
274;004;m;1;r;
274;005;m;1;r;
274;006;m;1;r;two ears
274;007;m;1;r;mask off
274;008;m;1;r;
274;009;m;1;r;
274;010;m;1;l;mask off
274;011;m;1;r;mask off
274;012;m;1;r;mask off
274;013;m;1;r;
274;014;m;1;r;
274;015;m;1;l;
274;016;m;1;r;
274;017;m;1;l;
274;018;m;1;r;
274;019;m;1;l;mask off
274;020;m;1;l;
274;021;m;1;r;
274;022;m;1;l;
274;023;m;1;l;
274;024;m;1;r;
274;025;m;1;l;
274;026;m;1;r;
274;027;m;1;r;
274;028;m;1;r;
274;029;m;1;r;
275;001;m;1;l;mask off
275;002;m;1;r;
275;003;m;1;l;mask off
275;004;m;1;r;
275;005;m;1;l;
275;006;m;1;l;
275;007;m;1;r;
275;008;m;1;r;mask off
275;009;m;1;r;mask off
275;010;m;1;r;
275;011;m;1;r;
275;012;m;1;l;
275;013;m;1;l;
275;014;m;1;l;
275;015;m;1;r;
275;016;m;1;r;
275;017;m;1;r;
275;018;m;1;l;mask off
275;019;m;1;l;mask off
275;020;m;1;r;mask off
275;021;m;1;r;
275;022;m;1;l;mask off a bit
275;023;m;1;l;
275;024;m;1;l;
275;025;m;1;r;
275;026;m;1;r;
275;027;m;1;r;
276;001;m;1;r;
276;002;m;1;r;
276;003;m;1;l;
276;004;m;1;l;
276;005;m;1;l;
276;006;m;1;r;
276;007;m;1;r;
276;008;m;1;r;
276;009;m;1;l;
276;010;m;1;l;
276;011;m;1;r;
276;012;m;1;l;mask off
276;013;m;1;l;mask off
276;014;m;1;r;mask off
276;015;m;1;l;mask off
276;016;m;1;l;
276;017;m;1;r;
276;018;m;1;r;
276;019;m;1;l;
276;020;m;1;r;mask off
276;021;m;1;l;
276;022;m;1;l;
276;023;m;1;r;
276;024;m;1;r;
276;025;m;1;r;
276;026;m;1;r;two ears
276;027;m;1;r;
276;028;m;1;r;
276;029;m;1;r;
276;030;m;1;l;
277;001;m;1;r;
277;002;m;1;r;
277;003;m;1;l;
277;004;m;1;l;
277;005;m;1;l;wrong subject
277;006;m;1;r;
277;007;m;1;r;
277;008;m;1;r;
277;009;m;1;l;
277;010;m;1;r;
277;011;m;1;l;
277;012;m;1;r;
277;013;m;1;l;
277;014;m;1;l;
277;015;m;1;l;
277;016;m;1;r;
277;017;m;1;l;
277;018;m;1;l;
277;019;m;1;r;
277;020;m;1;r;mask off
277;021;m;1;r;
277;022;m;1;l;mask off
277;023;m;1;l;
277;024;m;1;r;
277;025;m;1;l;
277;026;m;1;l;
277;027;m;1;r;
277;028;m;1;r;
277;029;m;1;r;
278;001;m;1;r;
278;002;m;1;l;mask off a bit
278;003;m;1;l;
278;004;m;1;r;
278;005;m;1;l;
278;006;m;1;r;
278;007;m;1;l;
278;008;m;1;r;
278;009;m;1;r;
278;010;m;1;r;
278;011;m;1;r;
278;012;m;1;l;
278;013;m;1;r;
278;014;m;1;l;
278;015;m;1;r;
278;016;m;1;l;
278;017;m;1;l;
278;018;m;1;l;
278;019;m;1;r;
278;020;m;1;l;
278;021;m;1;l;
278;022;m;1;l;
278;023;m;1;l;
278;024;m;1;r;
278;025;m;1;l;
278;026;m;1;l;mask off a bit
278;027;m;1;r;mask off
278;028;m;1;r;
278;029;m;1;l;
278;030;m;1;l;
279;001;m;4;r;
279;002;m;4;l;
279;003;m;4;l;
279;004;m;4;l;
279;005;m;4;r;
279;006;m;4;r;
279;007;m;4;r;
279;008;m;4;l;
279;009;m;4;r;
279;010;m;4;l;
279;011;m;4;r;
279;012;m;4;l;
279;013;m;4;l;
279;014;m;4;r;
279;015;m;4;r;
279;016;m;4;l;
279;017;m;4;r;
279;018;m;4;l;
279;019;m;4;l;
279;020;m;4;l;
279;021;m;4;l;
279;022;m;4;r;mask off
279;023;m;4;l;
279;024;m;4;r;
279;025;m;4;r;two ears
279;026;m;4;r;
279;027;m;4;r;
279;028;m;4;l;
279;029;m;4;r;
279;030;m;4;r;
280;001;m;4;l;
280;002;m;4;r;
280;003;m;4;l;
280;004;m;4;r;
280;005;m;4;r;
280;006;m;4;r;
280;007;m;4;l;
280;008;m;4;l;
280;009;m;4;r;mask off a bit
280;010;m;4;r;
280;011;m;4;r;
280;012;m;4;r;
280;013;m;4;r;
280;014;m;1;r;
280;015;m;1;l;mask off a bit,two ears
280;016;m;1;l;
280;017;m;1;l;mask off
280;018;m;1;r;
280;019;m;1;r;
280;020;m;1;l;
280;021;m;1;r;
280;022;m;1;r;
280;023;m;1;r;
280;024;m;1;l;mask off
280;025;m;1;r;
280;026;m;1;l;
280;027;m;1;l;mask off
280;028;m;1;r;
281;001;m;1;l;
281;002;m;1;l;two ears
281;003;m;1;l;
281;004;m;1;r;
281;005;m;1;l;
281;006;m;1;r;
281;007;m;1;l;
281;008;m;1;l;
281;009;m;1;r;
281;010;m;1;l;
281;011;m;1;l;
281;012;m;1;r;
281;013;m;1;l;mask off a bit
281;014;m;1;l;
281;015;m;1;l;
281;016;m;1;l;
281;017;m;1;r;
281;018;m;1;r;
281;019;m;1;l;
281;020;m;1;l;
281;021;m;1;l;mask off
281;022;m;1;r;
281;023;m;1;l;mask off
281;024;m;1;r;
281;025;m;1;r;
281;026;m;1;r;
281;027;m;1;r;
281;028;m;1;l;
281;029;m;1;r;
281;030;m;1;r;
282;001;m;1;r;
282;002;m;1;l;
282;003;m;1;l;
282;004;m;1;r;
282;005;m;1;l;
282;006;m;1;r;
282;007;m;1;r;
282;008;m;1;l;mask off
282;009;m;1;r;
282;010;m;1;r;
282;011;m;1;r;
282;012;m;1;r;
282;013;m;1;l;
282;014;m;1;l;
282;015;m;1;r;
282;016;m;1;l;
282;017;m;1;l;
282;018;m;1;l;
282;019;m;1;l;
282;020;m;1;l;
282;021;m;1;r;
282;022;m;1;l;
282;023;m;1;r;
282;024;m;1;l;
282;025;m;1;l;
282;026;m;1;l;
282;027;m;1;r;
282;028;m;1;r;
282;029;m;1;r;
282;030;m;1;r;
283;001;m;1;l;
283;002;m;1;r;
283;003;m;1;l;mask off
283;004;m;1;l;mask off a bit
283;005;m;1;l;two ears
283;006;m;1;l;mask off
283;007;m;1;r;mask off
283;008;m;1;l;
283;009;m;1;r;mask off
283;010;m;1;l;
283;011;m;1;r;mask off
283;012;m;1;l;
283;013;m;1;l;mask off
283;014;m;1;l;
283;015;m;1;l;
283;016;m;1;l;mask off
283;017;m;1;l;mask off
283;018;m;1;r;mask off a bit
283;019;m;1;l;
283;020;m;1;l;
283;021;m;1;l;
283;022;m;1;l;
283;023;m;1;r;mask off
283;024;m;1;l;
284;001;m;1;r;
284;002;m;1;l;
284;003;m;1;r;
284;004;m;1;r;
284;005;m;1;r;
284;006;m;1;r;
284;007;m;1;l;
284;008;m;1;l;
284;009;m;1;l;
284;010;m;1;l;mask off
284;011;m;1;l;
284;012;m;1;l;
284;013;m;1;r;
284;014;m;1;l;
284;015;m;1;r;
284;016;m;1;l;
284;017;m;1;r;
284;018;m;1;l;
284;019;m;1;l;
284;020;m;1;r;
284;021;m;1;l;
284;022;m;1;l;
284;023;m;1;r;mask off
284;024;m;1;l;
284;025;m;1;l;
284;026;m;1;r;
284;027;m;1;r;
284;028;m;1;l;
284;029;m;1;r;
285;001;m;1;l;
285;002;m;1;l;
285;003;m;1;l;
285;004;m;1;l;
285;005;m;1;l;
285;006;m;1;l;
285;007;m;1;l;
285;008;m;1;l;
285;009;m;1;l;
285;010;m;1;l;
285;011;m;1;l;
285;012;m;1;l;
285;013;m;1;l;
285;014;m;1;l;
285;015;m;1;l;
285;016;m;1;l;
285;017;m;1;l;
285;018;m;1;l;
285;019;m;1;l;
285;020;m;1;l;
285;021;m;1;l;
285;022;m;1;l;
285;023;m;1;l;
285;024;m;1;r;
285;025;m;1;l;
285;026;m;1;l;
285;027;m;1;l;
285;028;m;1;l;
286;001;m;1;r;
286;002;m;1;r;
286;003;m;1;r;
286;004;m;1;l;
286;005;m;1;r;
286;006;m;1;l;
286;007;m;1;l;mask off
286;008;m;1;l;
286;009;m;1;r;
286;010;m;1;r;
286;011;m;1;l;
286;012;m;1;r;
286;013;m;1;l;
286;014;m;1;l;
286;015;m;1;r;
286;016;m;1;r;
286;017;m;1;r;
286;018;m;1;r;
286;019;m;1;r;
286;020;m;1;r;
286;021;m;1;l;
286;022;m;1;r;
286;023;m;1;r;
286;024;m;1;l;
286;025;m;1;r;
286;026;m;1;r;
286;027;m;1;r;
286;028;m;1;r;
286;029;m;1;r;
286;030;m;1;l;
287;001;m;1;r;mask off
287;002;m;1;r;mask off
287;003;m;1;l;
287;004;m;1;r;
287;005;m;1;r;
287;006;m;1;l;
287;007;m;1;r;
287;008;m;1;l;
287;009;m;1;r;mask off a bit,two ears
287;010;m;1;l;
287;011;m;1;r;mask off
287;012;m;1;l;
287;013;m;1;l;
287;014;m;1;r;
287;015;m;1;l;
287;016;m;1;r;mask off
287;017;m;1;r;mask off
287;018;m;1;r;
287;019;m;1;r;mask off
287;020;m;1;l;
287;021;m;1;r;
287;022;m;1;l;
287;023;m;1;r;
287;024;m;1;r;
287;025;m;1;l;mask off a bit,two ears
287;026;m;1;l;two ears
287;027;m;1;l;
288;001;m;1;l;
288;002;m;1;r;
288;003;m;1;r;
288;004;m;1;l;
288;005;m;1;r;mask off
288;006;m;1;r;
288;007;m;1;l;
288;008;m;1;r;
288;009;m;1;l;
288;010;m;1;l;two ears
288;011;m;1;r;
288;012;m;1;l;
288;013;m;1;r;
288;014;m;1;r;
288;015;m;1;r;
288;016;m;1;r;
288;017;m;1;r;
288;018;m;1;l;
288;019;m;1;r;two ears
288;020;m;1;r;two ears
288;021;m;1;l;
288;022;m;1;r;
288;023;m;1;r;
288;024;m;1;r;
288;025;m;1;r;
288;026;m;1;r;
288;027;m;1;l;
288;028;m;1;r;
288;029;m;1;l;
288;030;m;1;r;
288;031;m;1;r;
289;001;m;3;r;
289;002;m;3;r;
289;003;m;3;r;
289;004;m;3;r;
289;005;m;3;l;
289;006;m;3;r;
289;007;m;3;r;
289;008;m;3;r;
289;009;m;3;r;
289;010;m;3;l;
289;011;m;3;l;
289;012;m;3;l;
289;013;m;3;r;mask off
289;014;m;3;l;
289;015;m;3;l;
289;016;m;3;r;
289;017;m;3;l;
289;018;m;3;l;
289;019;m;3;r;
289;020;m;3;r;
289;021;m;3;r;
289;022;m;3;r;
289;023;m;3;l;
289;024;m;3;r;two ears
289;025;m;3;r;
289;026;m;3;l;two ears
289;027;m;3;l;
289;028;m;3;r;
289;029;m;3;l;
289;030;m;3;r;
289;031;m;3;r;
289;032;m;3;r;
290;001;m;4;r;
290;002;m;4;r;
290;003;m;4;l;
290;004;m;4;r;
290;005;m;4;l;
290;006;m;4;l;
290;007;m;4;l;
290;008;m;4;r;
290;009;m;4;l;
290;010;m;4;r;
290;011;m;4;r;
290;012;m;4;l;
290;013;m;4;r;
290;014;m;4;l;
290;015;m;4;l;mask off a bit
290;016;m;4;l;
290;017;m;4;r;
290;018;m;4;l;
290;019;m;4;r;mask off
290;020;m;4;l;
290;021;m;4;r;
290;022;m;4;r;
290;023;m;4;l;
290;024;m;4;r;two ears
290;025;m;4;l;
290;026;m;4;r;
290;027;m;4;l;
290;028;m;4;r;mask off
291;001;m;1;r;
291;002;m;1;l;two ears
291;003;m;1;l;two ears
291;004;m;1;r;
291;005;m;1;r;
291;006;m;1;l;
291;007;m;1;l;
291;008;m;1;l;
291;009;m;1;l;
291;010;m;1;r;
291;011;m;1;r;
291;012;m;1;r;
291;013;m;1;r;
291;014;m;1;r;
291;015;m;1;r;
291;016;m;1;r;two ears
291;017;m;1;l;two ears
291;018;m;1;l;
291;019;m;1;r;two ears
291;020;m;1;r;
291;021;m;1;r;
291;022;m;1;l;
291;023;m;1;r;
291;024;m;1;l;
291;025;m;1;r;
291;026;m;1;r;
291;027;m;1;r;
291;028;m;1;r;
291;029;m;1;r;
292;001;m;1;r;
292;002;m;1;l;
292;003;m;1;r;
292;004;m;1;l;
292;005;m;1;l;
292;006;m;1;l;
292;007;m;1;r;
292;008;m;1;r;
292;009;m;1;l;
292;010;m;1;r;
292;011;m;1;r;
292;012;m;1;r;
292;013;m;1;l;
292;014;m;1;l;
292;015;m;1;l;
292;016;m;1;l;mask off a bit
292;017;m;1;l;
292;018;m;1;l;two ears
292;019;m;1;r;
292;020;m;1;r;
292;021;m;1;r;
292;022;m;1;l;
292;023;m;1;r;
292;024;m;1;l;
292;025;m;1;l;
293;001;m;1;l;
293;002;m;1;r;
293;003;m;1;r;
293;004;m;1;l;
293;005;m;1;l;
293;006;m;1;l;
293;007;m;1;r;mask off
293;008;m;1;r;
293;009;m;1;r;
293;010;m;1;r;
293;011;m;1;l;mask off,two ears
293;012;m;1;r;
293;013;m;1;l;
293;014;m;1;l;mask off,two ears
293;015;m;1;r;
293;016;m;1;l;
293;017;m;1;r;
293;018;m;1;r;
293;019;m;1;l;
293;020;m;1;l;
293;021;m;1;l;
293;022;m;1;r;
293;023;m;1;r;
293;024;m;1;r;
293;025;m;1;r;
293;026;m;1;r;
293;027;m;1;l;
293;028;m;1;l;
293;029;m;1;r;
293;030;m;1;r;
294;001;m;1;l;
294;002;m;1;l;
294;003;m;1;l;
294;004;m;1;l;
294;005;m;1;r;
294;006;m;1;r;
294;007;m;1;l;
294;008;m;1;l;
294;009;m;1;r;
294;010;m;1;r;
294;011;m;1;r;
294;012;m;1;r;
294;013;m;1;r;
294;014;m;1;r;
294;015;m;1;r;
294;016;m;1;r;
294;017;m;1;l;
294;018;m;1;r;
294;019;m;1;l;
294;020;m;1;r;
294;021;m;1;r;
294;022;m;1;l;
294;023;m;1;r;
294;024;m;1;r;
294;025;m;1;r;
294;026;m;1;l;
294;027;m;1;r;
294;028;m;1;r;
294;029;m;1;l;
294;030;m;1;l;
295;001;m;4;l;mask off a bit
295;002;m;4;r;
295;003;m;4;r;
295;004;m;4;l;
295;005;m;4;r;mask off
295;006;m;4;r;
295;007;m;4;r;
295;008;m;4;l;wrong subject
295;009;m;4;l;wrong subject
295;010;m;4;r;
295;011;m;4;r;
295;012;m;4;l;mask off
295;013;m;4;r;
295;014;m;4;l;mask off
295;015;m;4;l;
295;016;m;4;r;
295;017;m;4;l;
295;018;m;4;l;
295;019;m;4;l;
295;020;m;4;l;
295;021;m;4;r;
295;022;m;4;r;
295;023;m;4;r;
295;024;m;4;r;
295;025;m;4;l;
295;026;m;4;r;
295;027;m;4;l;
295;028;m;4;l;
295;029;m;4;r;
295;030;m;4;r;
295;031;m;4;l;
295;032;m;4;r;
295;033;m;4;l;
295;034;m;4;r;
295;035;m;4;r;
296;001;m;1;r;
296;002;m;1;l;
296;003;m;1;r;
296;004;m;1;r;
296;005;m;1;r;
296;006;m;1;r;
296;007;m;1;l;
296;008;m;1;r;
296;009;m;1;r;
296;010;m;1;l;
296;011;m;1;l;mask off
296;012;m;1;r;
296;013;m;1;l;
296;014;m;1;l;
296;015;m;1;r;
296;016;m;1;r;
296;017;m;1;l;
296;018;m;1;l;
296;019;m;1;l;
296;020;m;1;l;
296;021;m;1;l;
296;022;m;1;l;
296;023;m;1;r;
296;024;m;1;l;
296;025;m;1;r;
296;026;m;1;r;
296;027;m;1;l;
296;028;m;1;r;
296;029;m;1;r;
296;030;m;1;r;
296;031;m;1;r;
296;032;m;1;r;
296;033;m;1;r;
296;034;m;1;l;
296;035;m;1;r;
296;036;m;1;l;
296;037;m;1;l;
296;038;m;1;r;mask off
297;001;m;1;l;
297;002;m;1;r;
297;003;m;1;r;
297;004;m;1;l;
297;005;m;1;l;
297;006;m;1;l;
297;007;m;1;l;
297;008;m;1;l;
297;009;m;1;r;two ears
297;010;m;1;r;
297;011;m;1;l;
297;012;m;1;l;mask off
297;013;m;1;l;
297;014;m;1;l;
297;015;m;1;l;
297;016;m;1;l;
297;017;m;1;r;
297;018;m;1;l;mask off
297;019;m;1;r;
297;020;m;1;r;
297;021;m;1;l;
297;022;m;1;l;
297;023;m;1;l;
297;024;m;1;l;
297;025;m;1;l;
297;026;m;1;l;mask off
297;027;m;1;l;
298;001;m;1;r;
298;002;m;1;l;
298;003;m;1;l;
298;004;m;1;l;
298;005;m;1;l;
298;006;m;1;l;
298;007;m;1;r;
298;008;m;1;l;
298;009;m;1;r;
298;010;m;1;l;
298;011;m;1;r;
298;012;m;1;r;
298;013;m;1;r;two ears
298;014;m;1;r;
298;015;m;1;r;
298;016;m;1;r;two ears
298;017;m;1;r;mask off a bit
298;018;m;1;r;
298;019;m;1;r;
298;020;m;1;l;
298;021;m;1;l;
298;022;m;1;r;
298;023;m;1;r;
298;024;m;1;r;
298;025;m;1;r;
298;026;m;1;r;
298;027;m;1;r;
298;028;m;1;r;
298;029;m;1;l;
299;001;m;1;r;
299;002;m;1;l;
299;003;m;1;r;
299;004;m;1;r;
299;005;m;1;l;
299;006;m;1;r;
299;007;m;1;r;
299;008;m;1;r;
299;009;m;1;l;
299;010;m;1;r;
299;011;m;1;l;
299;012;m;1;r;
299;013;m;1;l;
299;014;m;1;l;
299;015;m;1;r;
299;016;m;1;r;
299;017;m;1;r;
299;018;m;1;l;
299;019;m;1;r;two ears
299;020;m;1;l;
299;021;m;1;r;
299;022;m;1;r;
299;023;m;1;r;
299;024;m;1;l;
299;025;m;1;r;
299;026;m;1;l;
299;027;m;1;l;
299;028;m;1;l;
299;029;m;1;r;two ears
299;030;m;1;l;two ears
299;031;m;1;l;
299;032;m;1;l;
299;033;m;1;l;
299;034;m;1;l;
300;001;m;2;r;
300;002;m;2;r;
300;003;m;2;l;
300;004;m;2;l;
300;005;m;2;r;
300;006;m;2;l;
300;007;m;2;r;
300;008;m;2;r;mask off
300;009;m;2;l;
300;010;m;2;r;mask off
300;011;m;2;r;
300;012;m;2;r;
300;013;m;2;l;
300;014;m;2;l;two ears
300;015;m;2;r;
300;016;m;2;l;
300;017;m;2;l;
300;018;m;2;r;
300;019;m;2;r;
300;020;m;2;r;
300;021;m;2;r;
300;022;m;2;l;
300;023;m;2;r;
300;024;m;2;l;
300;025;m;2;l;two ears
300;026;m;2;l;
300;027;m;2;l;
300;028;m;2;l;two ears
300;029;m;2;l;
